DistributionID,RecipientID,ItemID,VolunteerID,QuantityDistributed,DsitributionDate
1,27,106,27,49,2/13/2025
2,23,787,46,10,11/19/2024
3,33,696,13,144,1/8/2025
4,12,53,41,36,9/2/2024
5,31,298,45,45,5/14/2024
6,37,893,32,141,11/4/2024
7,40,388,25,119,7/22/2024
8,16,848,41,27,8/10/2024
9,2,147,39,71,11/11/2024
10,40,497,40,13,7/13/2024
11,47,277,5,19,7/21/2024
12,3,2,31,25,7/21/2024
13,33,436,5,141,7/6/2024
14,30,199,17,56,2/6/2025
15,21,955,34,49,2/24/2025
16,24,729,24,77,8/15/2024
17,14,332,9,41,8/25/2024
18,37,856,23,98,8/2/2024
19,45,675,12,140,3/14/2024
20,39,536,50,121,5/1/2024
21,35,760,6,68,9/9/2024
22,32,327,25,35,1/20/2025
23,28,478,5,38,8/8/2024
24,29,297,18,79,10/31/2024
25,5,416,3,57,8/6/2024
26,6,365,19,139,9/25/2024
27,15,358,37,39,5/3/2024
28,8,207,46,85,1/16/2025
29,28,576,46,21,1/30/2025
30,4,255,18,15,8/12/2024
31,2,1,33,71,9/1/2024
32,36,533,15,48,5/18/2024
33,21,977,38,82,4/10/2024
34,22,605,9,9,11/16/2024
35,23,528,19,140,8/18/2024
36,47,446,32,105,1/2/2025
37,42,629,27,80,4/29/2024
38,48,494,32,90,12/13/2024
39,24,12,47,92,8/8/2024
40,21,807,35,139,1/29/2025
41,38,958,43,7,1/9/2025
42,31,464,30,114,8/9/2024
43,41,904,13,136,7/14/2024
44,30,849,38,19,1/1/2025
45,17,595,11,126,5/5/2024
46,37,676,50,46,3/6/2024
47,46,324,8,128,5/12/2024
48,37,732,18,71,4/12/2024
49,42,195,34,67,10/10/2024
50,11,928,33,113,11/9/2024
51,24,345,21,52,5/11/2024
52,37,830,39,126,1/7/2025
53,6,199,37,148,12/4/2024
54,48,197,41,42,7/13/2024
55,44,193,15,147,12/30/2024
56,45,146,18,102,4/4/2024
57,29,445,10,101,2/22/2025
58,35,949,40,110,7/19/2024
59,1,441,20,7,9/28/2024
60,20,533,36,103,9/23/2024
61,30,6,19,137,8/15/2024
62,10,764,9,144,6/7/2024
63,6,830,42,49,7/26/2024
64,25,888,38,120,12/15/2024
65,30,296,5,81,4/28/2024
66,44,970,49,56,7/6/2024
67,41,725,12,87,3/4/2024
68,30,323,21,112,11/11/2024
69,27,732,40,126,11/11/2024
70,19,359,36,36,10/27/2024
71,39,316,20,123,9/20/2024
72,20,749,30,78,2/18/2025
73,24,784,32,91,10/11/2024
74,16,102,22,134,4/11/2024
75,37,954,40,72,10/8/2024
76,34,706,48,93,6/27/2024
77,24,634,28,98,12/7/2024
78,49,837,41,49,6/29/2024
79,46,894,42,17,5/14/2024
80,5,665,25,58,3/15/2024
81,36,194,24,80,12/10/2024
82,41,791,49,145,10/7/2024
83,36,410,18,88,4/26/2024
84,25,510,2,90,9/9/2024
85,5,353,44,139,4/12/2024
86,27,42,32,28,7/17/2024
87,38,798,43,133,4/30/2024
88,40,220,3,110,9/10/2024
89,17,789,7,129,2/27/2025
90,32,221,12,93,7/15/2024
91,44,394,42,87,12/22/2024
92,41,877,27,13,12/15/2024
93,29,921,42,146,9/1/2024
94,41,55,38,3,5/31/2024
95,16,173,19,16,9/6/2024
96,17,323,39,53,9/18/2024
97,15,721,17,54,5/16/2024
98,7,359,27,136,5/26/2024
99,5,817,40,64,7/23/2024
100,19,685,13,150,11/5/2024
101,40,182,29,60,6/22/2024
102,24,764,7,63,5/27/2024
103,6,455,20,43,9/9/2024
104,2,139,21,63,7/13/2024
105,27,382,40,119,7/2/2024
106,7,59,23,89,11/11/2024
107,11,517,40,97,2/17/2025
108,50,152,14,90,11/11/2024
109,14,747,8,66,11/12/2024
110,18,765,13,113,6/13/2024
111,47,443,44,123,12/17/2024
112,18,962,6,150,7/17/2024
113,43,187,50,73,3/27/2024
114,1,148,44,42,8/20/2024
115,13,190,26,149,10/29/2024
116,43,340,24,101,10/15/2024
117,17,569,22,15,3/21/2024
118,9,746,24,9,9/7/2024
119,41,516,7,89,4/13/2024
120,5,675,40,101,6/8/2024
121,6,454,23,109,5/29/2024
122,29,275,6,115,1/18/2025
123,48,988,8,112,6/3/2024
124,47,386,16,81,1/22/2025
125,48,547,24,46,12/7/2024
126,20,805,47,1,11/20/2024
127,14,816,13,127,12/25/2024
128,4,390,46,147,9/12/2024
129,30,343,1,65,4/6/2024
130,21,991,10,100,3/14/2024
131,29,90,39,118,11/30/2024
132,29,630,1,50,10/20/2024
133,10,465,25,141,1/7/2025
134,39,939,17,23,10/16/2024
135,36,428,44,8,5/25/2024
136,22,133,33,21,2/3/2025
137,48,852,32,115,7/13/2024
138,1,522,43,12,4/17/2024
139,25,547,1,62,7/8/2024
140,40,22,49,4,11/28/2024
141,39,695,14,131,3/21/2024
142,2,927,44,24,2/19/2025
143,22,551,3,79,3/17/2024
144,22,806,49,40,3/25/2024
145,26,653,39,25,7/24/2024
146,36,214,6,128,12/28/2024
147,19,19,40,72,7/26/2024
148,40,569,4,21,3/27/2024
149,23,259,4,2,8/1/2024
150,49,5,31,118,7/21/2024
151,8,1000,30,122,5/26/2024
152,50,888,13,41,6/30/2024
153,21,714,38,39,12/7/2024
154,4,19,48,37,6/2/2024
155,35,44,35,147,11/23/2024
156,4,102,10,54,11/24/2024
157,6,681,45,59,9/30/2024
158,1,988,28,130,5/4/2024
159,40,211,47,82,8/13/2024
160,9,360,28,3,3/20/2024
161,11,503,24,65,2/24/2025
162,47,543,23,52,5/9/2024
163,8,698,24,126,6/24/2024
164,13,334,48,100,7/14/2024
165,34,428,12,17,8/26/2024
166,36,850,34,90,4/1/2024
167,19,818,27,108,1/14/2025
168,18,515,18,101,10/28/2024
169,6,641,37,44,7/13/2024
170,3,313,36,121,7/16/2024
171,12,335,48,16,9/11/2024
172,21,495,5,13,5/22/2024
173,44,381,43,20,1/26/2025
174,38,408,20,94,2/10/2025
175,11,647,2,129,4/28/2024
176,31,153,20,107,8/5/2024
177,49,699,24,144,11/7/2024
178,25,468,47,55,8/15/2024
179,49,155,48,9,4/25/2024
180,13,177,48,82,4/9/2024
181,32,668,19,110,3/14/2024
182,14,480,34,132,11/24/2024
183,32,306,30,60,1/27/2025
184,23,774,45,140,10/7/2024
185,39,359,19,32,7/6/2024
186,3,679,40,67,5/30/2024
187,23,947,13,118,4/16/2024
188,34,752,12,141,9/29/2024
189,11,376,42,4,5/20/2024
190,24,11,42,84,9/7/2024
191,43,775,10,37,8/24/2024
192,27,204,42,96,9/1/2024
193,44,537,19,150,10/5/2024
194,2,503,35,107,2/13/2025
195,42,294,26,13,1/7/2025
196,8,667,43,39,1/19/2025
197,6,483,16,140,2/13/2025
198,40,301,6,57,8/7/2024
199,47,516,20,107,6/18/2024
200,16,395,23,46,7/5/2024
